"","soundFile"
"1","is_trickiest_a_word.wav"
"2","is_vince_a_word.wav"
"3","is_tombstone_a_word.wav"
"4","is_druids_a_word.wav"
"5","is_Lipa_a_word.wav"
"6","is_haven_a_word.wav"
"7","is_tomes_a_word.wav"
"8","is_taunts_a_word.wav"
"9","is_darned_a_word.wav"
"10","is_lobbyists_a_word.wav"
"11","is_virginian_a_word.wav"
"12","is_legging_a_word.wav"
"13","is_shipshape_a_word.wav"
"14","is_colluded_a_word.wav"
"15","is_lumberman_a_word.wav"
"16","is_Delilah_a_word.wav"
"17","is_clinic_a_word.wav"
"18","is_Luther_a_word.wav"
"19","is_like_a_word.wav"
"20","is_linkup_a_word.wav"
"21","is_dishonesty_a_word.wav"
"22","is_Kleenex_a_word.wav"
"23","is_despises_a_word.wav"
"24","is_pleasing_a_word.wav"
"25","is_toughness_a_word.wav"
"26","is_lookup_a_word.wav"
"27","is_truthfulness_a_word.wav"
"28","is_Gloucester_a_word.wav"
"29","is_Buffy_a_word.wav"
"30","is_cloned_a_word.wav"
"31","is_deliberate_a_word.wav"
"32","is_drunkards_a_word.wav"
"33","is_Atlanta_a_word.wav"
"34","is_glasnost_a_word.wav"
"35","is_delinquency_a_word.wav"
"36","is_Drury_a_word.wav"
"37","is_loyalties_a_word.wav"
"38","is_depresses_a_word.wav"
"39","is_slavs_a_word.wav"
"40","is_clubhouses_a_word.wav"
"41","is_symposium_a_word.wav"
"42","is_liberators_a_word.wav"
"43","is_classes_a_word.wav"
"44","is_glands_a_word.wav"
"45","is_latitude_a_word.wav"
"46","is_designating_a_word.wav"
"47","is_Noah_a_word.wav"
"48","is_docile_a_word.wav"
"49","is_lesbians_a_word.wav"
"50","is_schnapps_a_word.wav"
"51","is_tyrant_a_word.wav"
"52","is_Krebs_a_word.wav"
"53","is_cloning_a_word.wav"
"54","is_destitute_a_word.wav"
"55","is_tediously_a_word.wav"
"56","is_daydreams_a_word.wav"
"57","is_tobacco_a_word.wav"
"58","is_drinkable_a_word.wav"
"59","is_terrorized_a_word.wav"
"60","is_Lattin_a_word.wav"
"61","is_glandular_a_word.wav"
"62","is_buffs_a_word.wav"
"63","is_Dramamine_a_word.wav"
"64","is_clambered_a_word.wav"
"65","is_later_a_word.wav"
"66","is_blemish_a_word.wav"
"67","is_discussing_a_word.wav"
"68","is_Gloria_a_word.wav"
"69","is_playgrounds_a_word.wav"
"70","is_limping_a_word.wav"
"71","is_crumbling_a_word.wav"
"72","is_Goliath_a_word.wav"
"73","is_glittering_a_word.wav"
"74","is_documentary_a_word.wav"
"75","is_Atlantic_a_word.wav"
"76","is_lariat_a_word.wav"
"77","is_locally_a_word.wav"
"78","is_divination_a_word.wav"
"79","is_Gloucester_a_word.wav"
"80","is_Krypton_a_word.wav"
"81","is_rubies_a_word.wav"
"82","is_digressions_a_word.wav"
"83","is_glaring_a_word.wav"
"84","is_taxes_a_word.wav"
"85","is_hypotheses_a_word.wav"
"86","is_drawing_a_word.wav"
"87","is_grandfather_a_word.wav"
"88","is_ladle_a_word.wav"
"89","is_delineated_a_word.wav"
"90","is_trundle_a_word.wav"
"91","is_launches_a_word.wav"
"92","is_teddy_a_word.wav"
"93","is_hodgepodge_a_word.wav"
"94","is_tactfully_a_word.wav"
"95","is_collectors_a_word.wav"
"96","is_bluffer_a_word.wav"
"97","is_texan_a_word.wav"
"98","is_glittery_a_word.wav"
"99","is_dapper_a_word.wav"
"100","is_glossary_a_word.wav"
"101","is_says_a_word.wav"
"102","is_galoshes_a_word.wav"
"103","is_glassed_a_word.wav"
"104","is_Leaguers_a_word.wav"
"105","is_Louis_a_word.wav"
"106","is_looters_a_word.wav"
"107","is_Atlanta_a_word.wav"
"108","is_liable_a_word.wav"
"109","is_Dragons_a_word.wav"
"110","is_teaches_a_word.wav"
"111","is_cloaking_a_word.wav"
"112","is_dominant_a_word.wav"
"113","is_leaden_a_word.wav"
"114","is_dressing_a_word.wav"
"115","is_Delilah_a_word.wav"
"116","is_diagnosing_a_word.wav"
"117","is_druggist_a_word.wav"
"118","is_glaciers_a_word.wav"
"119","is_Gladiators_a_word.wav"
"120","is_loom_a_word.wav"
"121","is_tots_a_word.wav"
"122","is_boobs_a_word.wav"
"123","is_glimpsed_a_word.wav"
"124","is_bloodstream_a_word.wav"
"125","is_colonialists_a_word.wav"
"126","is_creamed_a_word.wav"
"127","is_gluts_a_word.wav"
"128","is_limitation_a_word.wav"
"129","is_loaf_a_word.wav"
"130","is_deliberately_a_word.wav"
"131","is_clapped_a_word.wav"
"132","is_glory_a_word.wav"
"133","is_daffodil_a_word.wav"
"134","is_eclipsed_a_word.wav"
"135","is_drainage_a_word.wav"
"136","is_glockenspiel_a_word.wav"
"137","is_Chronicler_a_word.wav"
"138","is_grained_a_word.wav"
"139","is_demons_a_word.wav"
"140","is_clears_a_word.wav"
"141","is_drizzling_a_word.wav"
"142","is_chauffeurs_a_word.wav"
"143","is_tributaries_a_word.wav"
"144","is_deliberates_a_word.wav"
"145","is_trying_a_word.wav"
"146","is_global_a_word.wav"
"147","is_drilled_a_word.wav"
"148","is_taped_a_word.wav"
"149","is_blotted_a_word.wav"
"150","is_tropical_a_word.wav"
"151","is_traveler_a_word.wav"
"152","is_Lar_a_word.wav"
"153","is_lifetime_a_word.wav"
"154","is_locomotives_a_word.wav"
"155","is_clouded_a_word.wav"
"156","is_crouched_a_word.wav"
"157","is_tediously_a_word.wav"
"158","is_cholesterol_a_word.wav"
"159","is_dismissal_a_word.wav"
"160","is_depredations_a_word.wav"
"161","is_plentiful_a_word.wav"
"162","is_lymph_a_word.wav"
"163","is_demonstrable_a_word.wav"
"164","is_trademark_a_word.wav"
"165","is_seasoning_a_word.wav"
"166","is_bluing_a_word.wav"
"167","is_leukocyte_a_word.wav"
"168","is_infer_a_word.wav"
"169","is_trembling_a_word.wav"
"170","is_looting_a_word.wav"
"171","is_troubleshooter_a_word.wav"
"172","is_snafu_a_word.wav"
"173","is_tactless_a_word.wav"
"174","is_gradually_a_word.wav"
"175","is_driveways_a_word.wav"
"176","is_Atlantis_a_word.wav"
"177","is_terraces_a_word.wav"
"178","is_climate_a_word.wav"
"179","is_Glengarry_a_word.wav"
"180","is_personifies_a_word.wav"
"181","is_slept_a_word.wav"
"182","is_collect_a_word.wav"
"183","is_trademarked_a_word.wav"
"184","is_ladybug_a_word.wav"
"185","is_cleave_a_word.wav"
"186","is_crawls_a_word.wav"
"187","is_displacement_a_word.wav"
"188","is_leadership_a_word.wav"
"189","is_calligraphy_a_word.wav"
"190","is_gloved_a_word.wav"
"191","is_landmine_a_word.wav"
"192","is_glasses_a_word.wav"
"193","is_legs_a_word.wav"
"194","is_daydreaming_a_word.wav"
"195","is_larvae_a_word.wav"
"196","is_logs_a_word.wav"
"197","is_turf_a_word.wav"
"198","is_lepers_a_word.wav"
"199","is_dilation_a_word.wav"
"200","is_Emery_a_word.wav"
"201","is_cloudless_a_word.wav"
"202","is_lemonade_a_word.wav"
"203","is_deluding_a_word.wav"
"204","is_clamping_a_word.wav"
"205","is_trimming_a_word.wav"
"206","is_disservice_a_word.wav"
"207","is_delivering_a_word.wav"
"208","is_Glendale_a_word.wav"
"209","is_closeup_a_word.wav"
"210","is_glycol_a_word.wav"
"211","is_flamboyant_a_word.wav"
"212","is_disinterest_a_word.wav"
"213","is_disappointed_a_word.wav"
"214","is_eclipsing_a_word.wav"
"215","is_calamitous_a_word.wav"
"216","is_collaborative_a_word.wav"
"217","is_drivel_a_word.wav"
"218","is_literate_a_word.wav"
"219","is_gloating_a_word.wav"
"220","is_tiniest_a_word.wav"
"221","is_latex_a_word.wav"
"222","is_devoutly_a_word.wav"
"223","is_ladling_a_word.wav"
"224","is_classically_a_word.wav"
"225","is_glandular_a_word.wav"
"226","is_Cliff_a_word.wav"
"227","is_glorious_a_word.wav"
"228","is_glides_a_word.wav"
"229","is_bozos_a_word.wav"
"230","is_triggering_a_word.wav"
"231","is_delightful_a_word.wav"
"232","is_dirt_a_word.wav"
"233","is_lavatory_a_word.wav"
"234","is_climatologists_a_word.wav"
"235","is_disbursement_a_word.wav"
"236","is_clueless_a_word.wav"
"237","is_eclipses_a_word.wav"
"238","is_livers_a_word.wav"
"239","is_Glassman_a_word.wav"
"240","is_classes_a_word.wav"
"241","is_clogs_a_word.wav"
"242","is_telepathy_a_word.wav"
"243","is_eclipses_a_word.wav"
"244","is_grandmas_a_word.wav"
"245","is_drowning_a_word.wav"
"246","is_calliope_a_word.wav"
"247","is_glockenspiel_a_word.wav"
"248","is_tokyo_a_word.wav"
"249","is_Luckily_a_word.wav"
"250","is_Longish_a_word.wav"
"251","is_pithy_a_word.wav"
"252","is_Greenwood_a_word.wav"
"253","is_lexicon_a_word.wav"
"254","is_laughingly_a_word.wav"
"255","is_furthering_a_word.wav"
"256","is_turban_a_word.wav"
"257","is_globulins_a_word.wav"
"258","is_lipsticks_a_word.wav"
"259","is_gloat_a_word.wav"
"260","is_glottal_a_word.wav"
"261","is_deliverers_a_word.wav"
"262","is_galoshes_a_word.wav"
"263","is_liners_a_word.wav"
"264","is_gluten_a_word.wav"
"265","is_glib_a_word.wav"
"266","is_tumbled_a_word.wav"
"267","is_laxative_a_word.wav"
"268","is_temporary_a_word.wav"
"269","is_napalm_a_word.wav"
"270","is_glorification_a_word.wav"
"271","is_boning_a_word.wav"
"272","is_lefties_a_word.wav"
"273","is_tenderness_a_word.wav"
"274","is_Ginn_a_word.wav"
"275","is_perception_a_word.wav"
"276","is_glasses_a_word.wav"
"277","is_terminal_a_word.wav"
"278","is_triviality_a_word.wav"
"279","is_latching_a_word.wav"
"280","is_divinity_a_word.wav"
"281","is_Clement_a_word.wav"
"282","is_lobbies_a_word.wav"
"283","is_distributor_a_word.wav"
"284","is_Cleveland_a_word.wav"
"285","is_credit_a_word.wav"
"286","is_tribes_a_word.wav"
"287","is_glares_a_word.wav"
"288","is_gluttonous_a_word.wav"
"289","is_directed_a_word.wav"
"290","is_classrooms_a_word.wav"
"291","is_dynamo_a_word.wav"
"292","is_classically_a_word.wav"
"293","is_eclipsing_a_word.wav"
"294","is_blushes_a_word.wav"
"295","is_glorification_a_word.wav"
"296","is_closets_a_word.wav"
"297","is_trauma_a_word.wav"
"298","is_clairvoyance_a_word.wav"
"299","is_dissipated_a_word.wav"
"300","is_tractors_a_word.wav"
"301","is_lakes_a_word.wav"
"302","is_paced_a_word.wav"
"303","is_lawlessness_a_word.wav"
"304","is_eclipsed_a_word.wav"
"305","is_ladling_a_word.wav"
"306","is_symposium_a_word.wav"
"307","is_lawsuit_a_word.wav"
"308","is_delicately_a_word.wav"
"309","is_clapboard_a_word.wav"
"310","is_plunked_a_word.wav"
"311","is_booths_a_word.wav"
"312","is_classicism_a_word.wav"
"313","is_types_a_word.wav"
"314","is_clarified_a_word.wav"
"315","is_glossary_a_word.wav"
"316","is_longing_a_word.wav"
"317","is_diseases_a_word.wav"
"318","is_deliciously_a_word.wav"
"319","is_clumsy_a_word.wav"
"320","is_planeload_a_word.wav"
"321","is_Trojan_a_word.wav"
"322","is_dilated_a_word.wav"
"323","is_trades_a_word.wav"
"324","is_transect_a_word.wav"
"325","is_clothing_a_word.wav"
"326","is_diseases_a_word.wav"
"327","is_climax_a_word.wav"
"328","is_tertiary_a_word.wav"
"329","is_claim_a_word.wav"
"330","is_lofty_a_word.wav"
"331","is_dovetail_a_word.wav"
"332","is_positions_a_word.wav"
"333","is_businessmen_a_word.wav"
"334","is_globulin_a_word.wav"
"335","is_disappeared_a_word.wav"
"336","is_drugstore_a_word.wav"
"337","is_derivation_a_word.wav"
"338","is_delirious_a_word.wav"
"339","is_tonic_a_word.wav"
"340","is_crackled_a_word.wav"
"341","is_grounding_a_word.wav"
"342","is_climates_a_word.wav"
"343","is_Lutherans_a_word.wav"
"344","is_glottis_a_word.wav"
"345","is_lyrics_a_word.wav"
"346","is_drills_a_word.wav"
"347","is_drover_a_word.wav"
"348","is_cleavage_a_word.wav"
"349","is_tolerate_a_word.wav"
"350","is_lounges_a_word.wav"
"351","is_tellurium_a_word.wav"
"352","is_dreads_a_word.wav"
"353","is_tempest_a_word.wav"
"354","is_ensue_a_word.wav"
"355","is_patching_a_word.wav"
"356","is_grandstanding_a_word.wav"
"357","is_climaxes_a_word.wav"
"358","is_Crimson_a_word.wav"
"359","is_glorified_a_word.wav"
"360","is_displeased_a_word.wav"
"361","is_glorification_a_word.wav"
"362","is_leafy_a_word.wav"
"363","is_outlandish_a_word.wav"
"364","is_drumming_a_word.wav"
"365","is_plywood_a_word.wav"
"366","is_Bleacher_a_word.wav"
"367","is_Pluribus_a_word.wav"
"368","is_discussion_a_word.wav"
"369","is_turpentine_a_word.wav"
"370","is_legislative_a_word.wav"
"371","is_messenger_a_word.wav"
"372","is_lifeline_a_word.wav"
"373","is_London_a_word.wav"
"374","is_majors_a_word.wav"
"375","is_dominated_a_word.wav"
"376","is_dominance_a_word.wav"
"377","is_temperamental_a_word.wav"
"378","is_tagged_a_word.wav"
"379","is_clergyman_a_word.wav"
"380","is_homing_a_word.wav"
"381","is_distributes_a_word.wav"
"382","is_blisters_a_word.wav"
"383","is_playwrights_a_word.wav"
"384","is_deviating_a_word.wav"
"385","is_tribble_a_word.wav"
"386","is_pensioner_a_word.wav"
"387","is_depriving_a_word.wav"
"388","is_tortuous_a_word.wav"
"389","is_swamp_a_word.wav"
"390","is_energy_a_word.wav"
"391","is_toxicology_a_word.wav"
"392","is_blastoff_a_word.wav"
"393","is_slightly_a_word.wav"
"394","is_pessimism_a_word.wav"
"395","is_tossing_a_word.wav"
"396","is_eclipsing_a_word.wav"
"397","is_dinghy_a_word.wav"
"398","is_Atlantic_a_word.wav"
"399","is_blindness_a_word.wav"
"400","is_dusted_a_word.wav"
"401","is_timed_a_word.wav"
"402","is_clubbed_a_word.wav"
"403","is_cleansing_a_word.wav"
"404","is_leaderless_a_word.wav"
"405","is_dorado_a_word.wav"
"406","is_clothier_a_word.wav"
"407","is_graduating_a_word.wav"
"408","is_dilemmas_a_word.wav"
"409","is_these_a_word.wav"
"410","is_Atlanta_a_word.wav"
"411","is_dividends_a_word.wav"
"412","is_zipping_a_word.wav"
"413","is_levitating_a_word.wav"
"414","is_drummers_a_word.wav"
"415","is_klutz_a_word.wav"
"416","is_motifs_a_word.wav"
"417","is_distillation_a_word.wav"
"418","is_ambition_a_word.wav"
"419","is_longest_a_word.wav"
"420","is_trachea_a_word.wav"
"421","is_annoying_a_word.wav"
"422","is_deliverable_a_word.wav"
"423","is_Duluth_a_word.wav"
"424","is_dramatization_a_word.wav"
"425","is_trustworthy_a_word.wav"
"426","is_Deliverance_a_word.wav"
"427","is_delusion_a_word.wav"
"428","is_turntables_a_word.wav"
"429","is_labeling_a_word.wav"
"430","is_dreamt_a_word.wav"
"431","is_chloride_a_word.wav"
"432","is_kleenex_a_word.wav"
"433","is_toppling_a_word.wav"
"434","is_disciplining_a_word.wav"
"435","is_ye_a_word.wav"
"436","is_blockhead_a_word.wav"
"437","is_lodge_a_word.wav"
"438","is_liberating_a_word.wav"
"439","is_bluegrass_a_word.wav"
"440","is_Cleveland_a_word.wav"
"441","is_classrooms_a_word.wav"
"442","is_gloriously_a_word.wav"
"443","is_deluded_a_word.wav"
"444","is_clubbing_a_word.wav"
"445","is_lavished_a_word.wav"
"446","is_Grange_a_word.wav"
"447","is_globulin_a_word.wav"
"448","is_Transcript_a_word.wav"
"449","is_Clarence_a_word.wav"
"450","is_otherwise_a_word.wav"
"451","is_letting_a_word.wav"
"452","is_tiresome_a_word.wav"
"453","is_transfers_a_word.wav"
"454","is_bloodhound_a_word.wav"
"455","is_forefathers_a_word.wav"
"456","is_bloodhounds_a_word.wav"
"457","is_clubhouse_a_word.wav"
"458","is_literal_a_word.wav"
"459","is_Lungfish_a_word.wav"
"460","is_planted_a_word.wav"
"461","is_hon_a_word.wav"
"462","is_cricket_a_word.wav"
"463","is_greenmail_a_word.wav"
"464","is_grafted_a_word.wav"
"465","is_pumping_a_word.wav"
"466","is_tilth_a_word.wav"
"467","is_blandness_a_word.wav"
"468","is_tristate_a_word.wav"
"469","is_deleting_a_word.wav"
"470","is_designed_a_word.wav"
"471","is_define_a_word.wav"
"472","is_talkative_a_word.wav"
"473","is_Glazer_a_word.wav"
"474","is_toothpaste_a_word.wav"
"475","is_dilapidated_a_word.wav"
"476","is_trivializing_a_word.wav"
"477","is_agglutinate_a_word.wav"
"478","is_delineating_a_word.wav"
"479","is_Greystone_a_word.wav"
"480","is_treated_a_word.wav"
"481","is_liabilities_a_word.wav"
"482","is_titanic_a_word.wav"
"483","is_groceries_a_word.wav"
"484","is_plugged_a_word.wav"
"485","is_clairvoyant_a_word.wav"
"486","is_Luddite_a_word.wav"
"487","is_fleming_a_word.wav"
"488","is_glisten_a_word.wav"
"489","is_dressmakers_a_word.wav"
"490","is_kilometers_a_word.wav"
"491","is_dilated_a_word.wav"
"492","is_Witcher_a_word.wav"
"493","is_ecclesiastical_a_word.wav"
"494","is_placating_a_word.wav"
"495","is_delineate_a_word.wav"
"496","is_taffeta_a_word.wav"
"497","is_crypts_a_word.wav"
"498","is_grievance_a_word.wav"
"499","is_Atlantis_a_word.wav"
"500","is_toughness_a_word.wav"
"501","is_Christ_a_word.wav"
"502","is_caloric_a_word.wav"
"503","is_deliveries_a_word.wav"
"504","is_definition_a_word.wav"
"505","is_trudge_a_word.wav"
"506","is_defining_a_word.wav"
"507","is_gloriously_a_word.wav"
"508","is_driftwood_a_word.wav"
"509","is_deliberate_a_word.wav"
"510","is_forces_a_word.wav"
"511","is_colonialists_a_word.wav"
"512","is_collectively_a_word.wav"
"513","is_driving_a_word.wav"
"514","is_planetarium_a_word.wav"
"515","is_Loomer_a_word.wav"
"516","is_Lucian_a_word.wav"
"517","is_dismayed_a_word.wav"
"518","is_collectors_a_word.wav"
"519","is_classes_a_word.wav"
"520","is_eclectic_a_word.wav"
"521","is_collections_a_word.wav"
"522","is_teats_a_word.wav"
"523","is_infamy_a_word.wav"
"524","is_litigator_a_word.wav"
"525","is_trigger_a_word.wav"
"526","is_larval_a_word.wav"
"527","is_boy_a_word.wav"
"528","is_gladiator_a_word.wav"
"529","is_trilogy_a_word.wav"
"530","is_safest_a_word.wav"
"531","is_clearinghouse_a_word.wav"
"532","is_lengthy_a_word.wav"
"533","is_tightest_a_word.wav"
"534","is_phenomenon_a_word.wav"
"535","is_pleasures_a_word.wav"
"536","is_draped_a_word.wav"
"537","is_deliberates_a_word.wav"
"538","is_classless_a_word.wav"
"539","is_dime_a_word.wav"
"540","is_drained_a_word.wav"
"541","is_cholesterol_a_word.wav"
"542","is_toasts_a_word.wav"
"543","is_traits_a_word.wav"
"544","is_clubbing_a_word.wav"
"545","is_cleanness_a_word.wav"
"546","is_typical_a_word.wav"
"547","is_Deliverance_a_word.wav"
"548","is_Liquors_a_word.wav"
"549","is_Jen_a_word.wav"
"550","is_plaster_a_word.wav"
"551","is_gluts_a_word.wav"
"552","is_terrifying_a_word.wav"
"553","is_closing_a_word.wav"
"554","is_tactics_a_word.wav"
"555","is_laundered_a_word.wav"
"556","is_grumbles_a_word.wav"
"557","is_tormenting_a_word.wav"
"558","is_Atlanta_a_word.wav"
"559","is_criminologists_a_word.wav"
"560","is_climbed_a_word.wav"
"561","is_tendered_a_word.wav"
"562","is_testicle_a_word.wav"
"563","is_kilometer_a_word.wav"
"564","is_lightness_a_word.wav"
"565","is_drool_a_word.wav"
"566","is_deleted_a_word.wav"
"567","is_dips_a_word.wav"
"568","is_telemetry_a_word.wav"
"569","is_clouds_a_word.wav"
"570","is_loudspeakers_a_word.wav"
"571","is_clinics_a_word.wav"
"572","is_tightened_a_word.wav"
"573","is_creativity_a_word.wav"
"574","is_clicking_a_word.wav"
"575","is_developed_a_word.wav"
"576","is_Glover_a_word.wav"
"577","is_eclipsed_a_word.wav"
"578","is_ticks_a_word.wav"
"579","is_drafting_a_word.wav"
"580","is_nursery_a_word.wav"
"581","is_plosive_a_word.wav"
